,how_many_shops
0,38.0
1,4.0
2,8.0
3,268.0
4,
5,268.0
6,12.0
7,46.0
8,22.0
9,32.0
10,30.0
11,4.0
12,9.0
13,10.0
14,9.0
15,52.0
16,3.0
17,13.0
18,16.0
19,45.0
20,17.0
21,2.0
22,8.0
23,8.0
24,9.0
25,5.0
26,175.0
27,48.0
28,1.0
29,2.0
30,
31,17.0
32,
33,41.0
34,6.0
35,35.0
36,4.0
37,128.0
38,0.0
39,3.0
40,3.0
41,36.0
42,1.0
43,24.0
44,40.0
45,10.0
46,25.0
47,68.0
48,39.0
49,20.0
50,17.0
51,17.0
52,169.0
53,222.0
54,3.0
55,37.0
56,
57,
58,5.0
59,13.0
60,11.0
61,0.0
62,16.0
63,15.0
64,9.0
65,4.0
66,97.0
67,0.0
68,
69,0.0
70,17.0
71,1213.0
72,8.0
73,2.0
74,7.0
75,1.0
76,15.0
77,16.0
78,21.0
79,0.0
80,1299.0
81,6.0
82,16.0
83,
84,240.0
85,7.0
86,59.0
87,8.0
88,
89,75.0
90,26.0
91,176.0
92,28.0
93,
94,
95,20.0
96,91.0
97,38.0
98,44.0
99,5.0
100,29.0
101,
102,29.0
103,7.0
104,0.0
105,0.0
106,15.0
107,4.0
108,1.0
109,4.0
110,58.0
111,23.0
112,
113,18.0
114,12.0
115,213.0
116,14.0
117,7.0
118,
119,10.0
120,0.0
121,147.0
122,
123,
124,1.0
125,
126,93.0
127,45.0
128,10.0
129,9.0
130,0.0
131,11.0
132,2.0
133,6.0
134,3.0
135,212.0
136,5.0
137,1.0
138,4.0
139,4.0
140,22.0
141,100.0
142,13.0
143,18.0
144,2.0
145,138.0
146,304.0
147,217.0
148,0.0
149,5.0
150,39.0
151,21.0
152,3.0
153,
154,
155,62.0
156,0.0
157,0.0
158,0.0
159,242.0
160,0.0
161,0.0
162,
163,0.0
164,1.0
165,7.0
166,1.0
167,23.0
168,19.0
169,5.0
170,23.0
171,20.0
172,39.0
173,211.0
174,20.0
175,
176,125.0
177,
178,0.0
179,0.0
180,
181,14.0
182,9.0
183,1.0
184,1.0
185,19.0
186,10.0
187,0.0
188,335.0
189,1.0
190,18.0
191,33.0
192,529.0
193,28.0
194,212.0
195,917.0
196,226.0
197,38.0
198,150.0
199,226.0
200,7.0
201,1.0
202,2.0
203,144.0
204,
205,3.0
206,0.0
207,1.0
208,5.0
209,53.0
210,11.0
211,45.0
212,37.0
213,
214,0.0
215,4.0
216,8.0
217,
218,8.0
219,8.0
220,8.0
221,
222,
223,
224,20.0
225,8.0
226,18.0
227,
228,
229,
230,
231,
232,
233,14.0
234,1261.0
235,36.0
236,63.0
237,1152.0
238,11.0
239,0.0
240,47.0
241,0.0
242,611.0
243,38.0
244,26.0
245,30.0
246,38.0
247,52.0
248,0.0
249,422.0
250,422.0
251,0.0
252,14.0
253,56.0
254,38.0
255,4.0
256,13.0
257,65.0
258,62.0
259,22.0
260,22.0
261,5.0
262,7.0
263,363.0
264,1.0
265,10.0
266,0.0
267,147.0
268,47.0
269,108.0
270,8.0
271,6.0
272,0.0
273,
274,54.0
275,48.0
276,369.0
277,16.0
278,8.0
279,23.0
280,38.0
281,384.0
282,379.0
283,243.0
284,17.0
285,110.0
286,672.0
287,178.0
288,27.0
289,774.0
290,532.0
291,126.0
292,120.0
293,1038.0
294,37.0
295,39.0
296,167.0
297,684.0
298,647.0
299,613.0
300,50.0
301,41.0
302,6.0
303,71.0
304,5.0
305,14.0
306,22.0
307,40.0
308,5.0
309,22.0
310,2.0
311,0.0
312,0.0
313,5.0
314,34.0
315,7.0
316,8.0
317,6.0
318,2.0
319,
320,13.0
321,2.0
322,23.0
323,0.0
324,9.0
325,16.0
326,34.0
327,178.0
328,0.0
329,952.0
330,73.0
331,2.0
332,789.0
333,30.0
334,279.0
335,344.0
336,688.0
337,223.0
338,14.0
339,11.0
340,180.0
341,0.0
342,
343,1.0
344,115.0
345,228.0
346,4.0
347,34.0
348,
349,38.0
350,7.0
351,5.0
352,221.0
353,44.0
354,
355,111.0
356,5.0
357,1.0
358,1128.0
359,87.0
360,29.0
361,657.0
362,4.0
363,14.0
364,22.0
365,20.0
366,11.0
367,59.0
368,1.0
369,1.0
370,10.0
371,61.0
372,13.0
373,10.0
374,0.0
375,7.0
376,21.0
377,12.0
378,15.0
379,6.0
380,9.0
381,33.0
382,5.0
383,1.0
384,6.0
385,40.0
386,5.0
387,71.0
388,7.0
389,0.0
390,13.0
391,1274.0
392,
393,
394,9.0
395,8.0
396,19.0
397,
398,
399,76.0
400,26.0
401,396.0
402,
403,21.0
404,0.0
405,
406,11.0
407,136.0
408,684.0
409,28.0
410,202.0
411,109.0
412,36.0
413,2.0
414,22.0
415,13.0
416,22.0
417,3.0
418,122.0
419,51.0
420,34.0
421,9.0
422,101.0
423,101.0
424,9.0
425,14.0
426,18.0
427,0.0
428,19.0
429,50.0
430,60.0
431,19.0
432,4.0
433,4.0
434,29.0
435,121.0
436,58.0
437,80.0
438,4.0
439,4.0
440,62.0
441,9.0
442,28.0
443,104.0
444,26.0
445,13.0
446,5.0
447,152.0
448,1.0
449,17.0
450,5.0
451,33.0
452,12.0
453,34.0
454,0.0
455,7.0
456,
457,29.0
458,
459,
460,0.0
461,
462,
463,3.0
464,5.0
465,36.0
466,1.0
467,32.0
468,49.0
469,0.0
470,1130.0
471,426.0
472,19.0
473,15.0
474,15.0
475,7.0
476,
477,4.0
478,1.0
479,4.0
480,0.0
481,
482,6.0
483,41.0
484,4.0
485,1.0
486,48.0
487,2.0
488,0.0
489,32.0
490,65.0
491,2.0
492,3.0
493,0.0
494,6.0
495,0.0
496,0.0
497,131.0
498,5.0
499,9.0
500,13.0
501,11.0
502,11.0
503,7.0
504,131.0
505,10.0
506,2.0
507,7.0
508,254.0
509,299.0
510,5.0
511,268.0
512,268.0
513,
514,7.0
515,5.0
516,63.0
517,9.0
518,6.0
519,
520,438.0
521,5.0
522,34.0
523,
524,10.0
525,1.0
526,
527,12.0
528,
529,7.0
530,101.0
531,12.0
532,7.0
533,
534,
535,0.0
536,0.0
537,0.0
538,15.0
539,3.0
540,1.0
541,211.0
542,7.0
543,15.0
544,17.0
545,211.0
546,1.0
547,1.0
548,21.0
549,1.0
550,4.0
551,1.0
552,1.0
553,1.0
554,7.0
555,1.0
556,1.0
557,1.0
558,84.0
559,26.0
560,3.0
561,28.0
562,1.0
563,22.0
564,8.0
565,1.0
566,14.0
567,
568,6.0
569,10.0
570,255.0
571,14.0
572,21.0
573,1.0
574,8.0
575,
576,4.0
577,52.0
578,
579,115.0
580,
581,52.0
582,
583,16.0
584,240.0
585,23.0
586,
587,
588,
589,0.0
590,57.0
591,19.0
592,7.0
593,1.0
594,
595,217.0
596,19.0
597,100.0
598,38.0
599,22.0
600,14.0
601,11.0
602,11.0
603,7.0
604,0.0
605,10.0
606,21.0
607,11.0
608,0.0
609,4.0
610,5.0
611,
612,15.0
613,135.0
614,3.0
615,13.0
616,2.0
617,8.0
618,24.0
619,2.0
620,0.0
621,4.0
622,21.0
623,14.0
624,4.0
625,6.0
626,7.0
627,29.0
628,8.0
629,1.0
630,38.0
631,0.0
632,28.0
633,
634,78.0
635,7.0
636,1.0
637,14.0
638,38.0
639,246.0
640,5.0
641,25.0
642,10.0
643,107.0
644,2.0
645,6.0
646,333.0
647,2.0
648,2.0
649,7.0
650,55.0
651,1.0
652,1056.0
653,2.0
654,30.0
655,4.0
656,0.0
657,61.0
658,4.0
659,
660,7.0
661,3.0
662,7.0
663,1.0
664,4.0
665,47.0
666,0.0
667,1.0
668,4.0
669,40.0
670,10.0
671,15.0
672,42.0
673,139.0
674,7.0
675,16.0
676,2.0
677,144.0
678,3.0
679,12.0
680,130.0
681,44.0
682,7.0
683,4.0
684,37.0
685,6.0
686,8.0
687,4.0
688,21.0
689,2.0
690,19.0
691,5.0
692,12.0
693,4.0
694,158.0
695,0.0
696,65.0
697,22.0
698,1.0
699,27.0
700,549.0
701,74.0
702,87.0
703,11.0
704,
705,
706,68.0
707,0.0
708,1.0
709,1.0
710,1.0
711,
712,
713,1.0
714,4.0
715,21.0
716,17.0
717,276.0
718,57.0
719,4.0
720,7.0
721,10.0
722,
723,2.0
724,37.0
725,0.0
726,2.0
727,1.0
728,0.0
729,142.0
730,9.0
731,38.0
732,49.0
733,9.0
734,10.0
735,0.0
736,3.0
737,16.0
738,2.0
739,2.0
740,2.0
741,2.0
742,45.0
743,18.0
744,
745,0.0
746,5.0
747,89.0
748,12.0
749,20.0
750,2.0
751,1.0
752,42.0
753,1581.0
754,9.0
755,12.0
756,4.0
757,
758,0.0
759,46.0
760,96.0
761,66.0
762,6.0
763,
764,346.0
765,0.0
766,14.0
767,
768,0.0
769,
770,14.0
771,7.0
772,
773,16.0
774,15.0
775,119.0
776,17.0
777,87.0
778,130.0
779,42.0
780,43.0
781,0.0
782,0.0
783,1.0
784,180.0
785,2.0
786,6.0
787,8.0
788,0.0
789,59.0
790,18.0
791,96.0
792,
793,0.0
794,79.0
795,45.0
796,1.0
797,3.0
798,17.0
799,4.0
800,5.0
801,1.0
802,24.0
803,5.0
804,0.0
805,105.0
806,0.0
807,130.0
808,72.0
809,7.0
810,31.0
811,8.0
812,1.0
813,0.0
814,71.0
815,1.0
816,4.0
817,8.0
818,7.0
819,484.0
820,57.0
821,122.0
822,5.0
823,108.0
824,121.0
825,0.0
826,3.0
827,7.0
828,2.0
829,
830,0.0
831,2.0
832,
833,137.0
834,137.0
835,258.0
836,
837,
838,137.0
839,137.0
840,13.0
841,39.0
842,4.0
843,4.0
844,11.0
845,13.0
846,1.0
847,3.0
848,10.0
849,0.0
850,67.0
851,3.0
852,7.0
853,3.0
854,75.0
855,9.0
856,1.0
857,2.0
858,154.0
859,35.0
860,0.0
861,5.0
862,3.0
863,13.0
864,1.0
865,1.0
866,12.0
867,137.0
868,13.0
869,137.0
870,5.0
871,4.0
872,21.0
873,137.0
874,0.0
875,60.0
876,47.0
877,47.0
878,15.0
879,88.0
880,21.0
881,
882,35.0
883,2.0
884,37.0
885,
886,20.0
887,
888,2.0
889,10.0
890,4.0
891,1.0
892,46.0
893,1.0
894,614.0
895,9.0
896,0.0
897,
898,241.0
899,0.0
900,3.0
901,0.0
902,4.0
903,4.0
904,18.0
905,4.0
906,19.0
907,2.0
908,0.0
909,8.0
910,81.0
911,14.0
912,1.0
913,
914,
915,0.0
916,12.0
917,14.0
918,4.0
919,69.0
920,1.0
921,1.0
922,4.0
923,83.0
924,0.0
925,7.0
926,7.0
927,80.0
928,42.0
929,23.0
930,94.0
931,0.0
932,
933,94.0
934,5.0
935,107.0
936,1.0
937,
938,22.0
939,
940,
941,988.0
942,38.0
943,
944,
945,0.0
946,4.0
947,4.0
948,27.0
949,125.0
950,53.0
951,0.0
952,18.0
953,
954,
955,
956,25.0
957,2.0
958,3.0
959,9.0
960,3.0
961,2.0
962,1.0
963,80.0
964,12.0
965,26.0
966,26.0
967,1.0
968,1.0
969,0.0
970,87.0
971,0.0
972,3.0
973,2.0
974,0.0
975,14.0
976,5.0
977,20.0
978,1.0
979,4.0
980,1.0
981,35.0
982,261.0
983,8.0
984,16.0
985,8.0
986,94.0
987,27.0
988,30.0
989,217.0
990,
991,197.0
992,
993,0.0
994,
995,19.0
996,879.0
997,
998,
999,
1000,
1001,
1002,
1003,1.0
1004,
1005,
1006,
1007,
1008,
1009,
1010,1.0
1011,101.0
1012,
1013,1142.0
1014,1002.0
1015,42.0
1016,1002.0
1017,970.0
1018,40.0
1019,5.0
1020,0.0
1021,4.0
1022,27.0
1023,64.0
1024,0.0
1025,8.0
1026,12.0
1027,21.0
1028,1.0
1029,26.0
1030,3.0
1031,19.0
1032,14.0
1033,6.0
1034,8.0
1035,15.0
1036,2.0
1037,13.0
1038,4.0
1039,13.0
1040,13.0
1041,5.0
1042,386.0
1043,3.0
1044,398.0
1045,154.0
1046,126.0
1047,7.0
1048,5.0
1049,1.0
1050,13.0
1051,14.0
1052,0.0
1053,13.0
1054,118.0
1055,
1056,5.0
1057,5.0
1058,123.0
1059,29.0
1060,
1061,0.0
1062,
1063,54.0
1064,2.0
1065,8.0
1066,44.0
1067,12.0
1068,43.0
1069,10.0
1070,2.0
1071,3.0
1072,10.0
1073,15.0
1074,
1075,0.0
1076,21.0
1077,10.0
1078,2.0
1079,6.0
1080,28.0
1081,
1082,19.0
1083,26.0
1084,3.0
1085,8.0
1086,4.0
1087,0.0
1088,11.0
1089,29.0
1090,20.0
1091,4.0
1092,10.0
1093,0.0
1094,0.0
1095,62.0
1096,5.0
1097,6.0
1098,6.0
1099,56.0
1100,9.0
1101,1.0
1102,6.0
1103,4.0
1104,4.0
1105,1.0
1106,130.0
1107,108.0
1108,29.0
1109,14.0
1110,1.0
1111,1.0
1112,
1113,50.0
1114,
1115,1.0
1116,13.0
1117,
1118,
1119,2.0
1120,
1121,1.0
1122,32.0
1123,17.0
1124,32.0
1125,0.0
1126,65.0
1127,65.0
1128,32.0
1129,46.0
1130,46.0
1131,46.0
1132,34.0
1133,46.0
1134,46.0
1135,46.0
1136,46.0
1137,27.0
1138,46.0
1139,46.0
1140,
1141,3.0
1142,1.0
1143,0.0
1144,18.0
1145,28.0
1146,80.0
1147,9.0
1148,38.0
1149,12.0
1150,0.0
1151,1.0
1152,72.0
1153,0.0
1154,16.0
1155,11.0
1156,14.0
1157,20.0
1158,4.0
1159,2.0
1160,4.0
1161,3.0
1162,16.0
1163,198.0
1164,16.0
1165,8.0
1166,7.0
1167,46.0
1168,25.0
1169,201.0
1170,1.0
1171,46.0
1172,46.0
1173,46.0
1174,46.0
1175,46.0
1176,46.0
1177,46.0
1178,4.0
1179,8.0
1180,46.0
1181,46.0
1182,56.0
1183,5.0
1184,46.0
1185,1.0
1186,17.0
1187,1.0
1188,553.0
1189,
1190,12.0
1191,123.0
1192,6.0
1193,1.0
1194,6.0
1195,130.0
1196,6.0
1197,30.0
1198,50.0
1199,8.0
1200,1.0
1201,14.0
1202,27.0
1203,1.0
1204,4.0
1205,26.0
1206,15.0
1207,0.0
1208,2.0
1209,0.0
1210,8.0
1211,12.0
1212,
1213,2.0
1214,4.0
1215,20.0
1216,7.0
1217,5.0
1218,1.0
1219,9.0
1220,0.0
1221,151.0
1222,5.0
1223,10.0
1224,10.0
1225,20.0
1226,5.0
1227,10.0
1228,2.0
1229,5.0
1230,230.0
1231,32.0
1232,32.0
1233,32.0
1234,83.0
1235,23.0
1236,26.0
1237,
1238,
1239,20.0
1240,
1241,3.0
1242,949.0
1243,7.0
1244,1.0
1245,18.0
1246,358.0
1247,9.0
1248,949.0
1249,2.0
1250,71.0
1251,
1252,358.0
1253,4.0
1254,18.0
1255,162.0
1256,
1257,4.0
1258,11.0
1259,19.0
1260,1.0
1261,2.0
1262,1.0
1263,4.0
1264,
1265,1.0
1266,11.0
1267,13.0
1268,60.0
1269,3.0
1270,11.0
1271,8.0
1272,26.0
1273,6.0
1274,3.0
1275,3.0
1276,156.0
1277,0.0
1278,14.0
1279,7.0
1280,3.0
1281,9.0
1282,156.0
1283,11.0
1284,3.0
1285,3.0
1286,15.0
1287,24.0
1288,82.0
1289,
1290,1.0
1291,
1292,
1293,0.0
1294,27.0
1295,1.0
1296,16.0
1297,15.0
1298,1248.0
1299,265.0
1300,
1301,477.0
1302,156.0
1303,3.0
1304,63.0
1305,12.0
1306,244.0
1307,37.0
1308,42.0
1309,12.0
1310,3.0
1311,1.0
1312,
1313,
1314,
1315,219.0
1316,18.0
1317,
1318,177.0
1319,10.0
1320,0.0
1321,248.0
1322,0.0
1323,0.0
1324,3.0
1325,0.0
1326,4.0
1327,2.0
1328,29.0
1329,10.0
1330,5.0
1331,0.0
1332,5.0
1333,20.0
1334,3.0
1335,12.0
1336,9.0
1337,24.0
1338,
1339,5.0
1340,7.0
1341,2.0
1342,24.0
1343,4.0
1344,11.0
1345,5.0
1346,4.0
1347,24.0
1348,
1349,7.0
1350,317.0
1351,135.0
1352,0.0
1353,
1354,8.0
1355,1.0
1356,8.0
1357,1.0
1358,27.0
1359,20.0
1360,28.0
1361,1047.0
1362,1047.0
1363,440.0
1364,1047.0
1365,7.0
1366,245.0
1367,40.0
1368,27.0
1369,0.0
1370,1.0
1371,0.0
1372,12.0
1373,6.0
1374,4.0
1375,14.0
1376,30.0
1377,30.0
1378,33.0
1379,7.0
1380,12.0
1381,190.0
1382,19.0
1383,9.0
1384,
1385,2.0
1386,14.0
1387,10.0
1388,14.0
1389,1.0
1390,1006.0
1391,9.0
1392,6.0
1393,2.0
1394,1.0
1395,1.0
1396,0.0
1397,15.0
1398,28.0
1399,24.0
1400,4.0
1401,16.0
1402,1.0
1403,6.0
1404,18.0
1405,9.0
1406,1.0
1407,
1408,143.0
1409,18.0
1410,18.0
1411,4.0
1412,29.0
1413,69.0
1414,0.0
1415,14.0
1416,22.0
1417,134.0
1418,22.0
1419,1.0
1420,16.0
1421,16.0
1422,24.0
1423,36.0
1424,11.0
1425,17.0
1426,21.0
1427,11.0
1428,17.0
1429,34.0
1430,23.0
1431,15.0
1432,17.0
1433,17.0
1434,40.0
1435,17.0
1436,26.0
1437,17.0
1438,17.0
1439,17.0
1440,17.0
1441,30.0
1442,2.0
1443,5.0
1444,0.0
1445,2.0
1446,10.0
1447,4.0
1448,
1449,41.0
1450,11.0
1451,11.0
1452,41.0
1453,0.0
1454,9.0
1455,24.0
1456,25.0
1457,5.0
1458,7.0
1459,31.0
1460,1.0
1461,3.0
1462,31.0
1463,2.0
1464,13.0
1465,26.0
1466,10.0
1467,17.0
1468,17.0
1469,42.0
1470,384.0
1471,6.0
1472,2.0
1473,26.0
1474,32.0
1475,11.0
1476,33.0
1477,26.0
1478,19.0
1479,26.0
1480,24.0
1481,69.0
1482,8.0
1483,36.0
1484,16.0
1485,51.0
1486,51.0
1487,24.0
1488,14.0
1489,40.0
1490,14.0
1491,4.0
1492,42.0
1493,13.0
1494,28.0
1495,45.0
1496,5.0
1497,13.0
1498,16.0
1499,6.0
1500,39.0
1501,91.0
1502,2.0
1503,81.0
1504,9.0
1505,5.0
1506,0.0
1507,0.0
1508,16.0
1509,22.0
1510,2.0
1511,17.0
1512,3.0
1513,17.0
1514,10.0
1515,3.0
1516,20.0
1517,21.0
1518,1.0
1519,7.0
1520,8.0
1521,37.0
1522,2.0
1523,10.0
1524,20.0
1525,61.0
1526,31.0
1527,73.0
1528,73.0
1529,16.0
1530,8.0
1531,28.0
1532,39.0
1533,20.0
1534,54.0
1535,21.0
1536,17.0
1537,4.0
1538,14.0
1539,27.0
1540,17.0
1541,16.0
1542,35.0
1543,30.0
1544,22.0
1545,38.0
1546,58.0
1547,40.0
1548,2.0
1549,30.0
1550,67.0
1551,34.0
1552,33.0
1553,11.0
1554,40.0
1555,36.0
1556,39.0
1557,29.0
1558,15.0
1559,39.0
1560,89.0
1561,0.0
1562,82.0
1563,32.0
1564,5.0
1565,1.0
1566,0.0
1567,1.0
1568,4.0
1569,6.0
1570,2.0
1571,14.0
1572,10.0
1573,1.0
1574,3.0
1575,5.0
1576,0.0
1577,4.0
1578,6.0
1579,15.0
1580,5.0
1581,45.0
1582,23.0
1583,3.0
1584,19.0
1585,5.0
1586,39.0
1587,33.0
1588,3.0
1589,21.0
1590,106.0
1591,5.0
1592,42.0
1593,47.0
1594,62.0
1595,62.0
1596,32.0
1597,32.0
1598,71.0
1599,19.0
1600,40.0
1601,42.0
1602,25.0
1603,19.0
1604,61.0
1605,0.0
1606,15.0
1607,156.0
1608,101.0
1609,30.0
1610,31.0
1611,87.0
1612,99.0
1613,4.0
1614,15.0
1615,25.0
1616,3.0
1617,0.0
1618,3.0
1619,
1620,4.0
1621,9.0
1622,19.0
1623,48.0
1624,21.0
1625,99.0
1626,128.0
1627,7.0
1628,28.0
1629,226.0
1630,14.0
1631,2.0
1632,11.0
1633,154.0
1634,6.0
1635,6.0
1636,21.0
1637,23.0
1638,186.0
1639,7.0
1640,4.0
1641,22.0
1642,154.0
1643,9.0
1644,9.0
1645,9.0
1646,100.0
1647,3.0
1648,45.0
1649,28.0
1650,
1651,
1652,45.0
1653,39.0
1654,9.0
1655,1.0
1656,346.0
1657,14.0
1658,17.0
1659,14.0
1660,19.0
1661,10.0
1662,0.0
1663,4.0
1664,21.0
1665,29.0
1666,10.0
1667,31.0
1668,10.0
1669,3.0
1670,20.0
1671,66.0
1672,1.0
1673,5.0
1674,10.0
1675,30.0
1676,3.0
1677,14.0
1678,9.0
1679,11.0
1680,10.0
1681,66.0
1682,6.0
1683,303.0
1684,
1685,18.0
1686,413.0
1687,7.0
1688,25.0
1689,303.0
1690,18.0
1691,54.0
1692,5.0
1693,
1694,35.0
1695,3.0
1696,0.0
1697,535.0
1698,7.0
1699,6.0
1700,198.0
1701,2.0
1702,198.0
1703,198.0
1704,24.0
1705,22.0
1706,8.0
1707,57.0
1708,2.0
1709,3.0
1710,10.0
1711,8.0
1712,11.0
1713,89.0
1714,0.0
1715,9.0
1716,30.0
1717,
1718,177.0
1719,0.0
1720,19.0
1721,420.0
1722,0.0
1723,62.0
1724,
1725,
1726,
1727,5.0
1728,
1729,71.0
1730,
1731,
1732,18.0
1733,496.0
1734,33.0
1735,6.0
1736,
1737,1140.0
1738,69.0
1739,727.0
1740,3.0
1741,9.0
1742,15.0
1743,8.0
1744,6.0
1745,71.0
1746,2.0
1747,3.0
1748,19.0
1749,0.0
1750,146.0
1751,48.0
1752,2.0
1753,8.0
1754,16.0
1755,112.0
1756,6.0
1757,215.0
1758,12.0
1759,3.0
1760,112.0
1761,0.0
1762,
1763,17.0
1764,87.0
1765,535.0
1766,2.0
1767,189.0
1768,28.0
1769,9.0
1770,1.0
1771,376.0
1772,1.0
1773,468.0
1774,
1775,106.0
1776,841.0
1777,31.0
1778,35.0
1779,643.0
1780,726.0
1781,74.0
1782,518.0
1783,53.0
1784,339.0
1785,5.0
1786,78.0
1787,41.0
1788,34.0
1789,322.0
1790,573.0
1791,66.0
1792,13.0
1793,970.0
1794,1056.0
1795,380.0
1796,118.0
1797,672.0
1798,69.0
1799,1096.0
1800,130.0
1801,88.0
1802,1.0
1803,8.0
1804,2.0
1805,10.0
1806,7.0
1807,14.0
1808,8.0
1809,14.0
1810,6.0
1811,0.0
1812,3.0
1813,4.0
1814,1.0
1815,413.0
1816,2.0
1817,4.0
1818,43.0
1819,13.0
1820,
1821,36.0
1822,15.0
1823,130.0
1824,5.0
1825,10.0
1826,19.0
1827,0.0
1828,10.0
1829,2.0
1830,1.0
1831,420.0
1832,793.0
1833,91.0
1834,68.0
1835,71.0
1836,34.0
1837,344.0
1838,316.0
1839,9.0
1840,165.0
1841,7.0
1842,301.0
1843,72.0
1844,64.0
1845,52.0
1846,503.0
1847,1051.0
1848,301.0
1849,355.0
1850,
1851,121.0
1852,83.0
1853,
1854,65.0
1855,230.0
1856,984.0
1857,467.0
1858,119.0
1859,31.0
1860,11.0
1861,281.0
1862,31.0
1863,568.0
1864,26.0
1865,113.0
1866,15.0
1867,9.0
1868,1.0
1869,18.0
1870,5.0
1871,128.0
1872,27.0
1873,25.0
1874,415.0
1875,30.0
1876,1.0
1877,7.0
1878,129.0
1879,426.0
1880,14.0
1881,24.0
1882,7.0
1883,237.0
1884,25.0
1885,27.0
1886,76.0
1887,11.0
1888,7.0
1889,114.0
1890,777.0
1891,8.0
1892,25.0
1893,16.0
1894,62.0
1895,6.0
1896,395.0
1897,65.0
1898,416.0
1899,33.0
1900,8.0
1901,45.0
1902,72.0
1903,596.0
1904,493.0
1905,192.0
1906,577.0
1907,301.0
1908,500.0
1909,447.0
1910,184.0
1911,447.0
1912,500.0
1913,148.0
1914,212.0
1915,1162.0
1916,70.0
1917,18.0
1918,483.0
1919,56.0
1920,183.0
1921,7.0
1922,12.0
1923,241.0
1924,21.0
1925,0.0
1926,35.0
1927,147.0
1928,0.0
1929,12.0
1930,6.0
1931,99.0
1932,31.0
1933,32.0
1934,185.0
1935,3.0
1936,15.0
1937,596.0
1938,6.0
1939,0.0
1940,32.0
1941,3.0
1942,336.0
1943,1.0
1944,289.0
1945,3.0
1946,322.0
1947,773.0
1948,4.0
1949,70.0
1950,13.0
1951,108.0
1952,984.0
1953,18.0
1954,1122.0
1955,366.0
1956,19.0
1957,100.0
1958,131.0
1959,
1960,21.0
1961,12.0
1962,4.0
1963,
1964,1.0
1965,4.0
1966,3.0
1967,146.0
1968,24.0
1969,47.0
1970,47.0
1971,53.0
1972,121.0
1973,10.0
1974,
1975,108.0
1976,2.0
1977,565.0
1978,23.0
1979,28.0
1980,565.0
1981,17.0
1982,0.0
1983,28.0
1984,138.0
1985,178.0
1986,23.0
1987,23.0
1988,59.0
1989,59.0
1990,1.0
1991,356.0
1992,104.0
1993,0.0
1994,367.0
1995,4.0
1996,367.0
1997,8.0
1998,135.0
1999,1.0
2000,1.0
2001,101.0
2002,161.0
2003,2.0
2004,8.0
2005,30.0
2006,101.0
2007,10.0
2008,565.0
2009,78.0
2010,48.0
2011,565.0
2012,
2013,
2014,16.0
2015,1.0
2016,229.0
2017,1.0
2018,16.0
2019,27.0
2020,27.0
2021,4.0
2022,
2023,81.0
2024,63.0
2025,20.0
2026,285.0
2027,20.0
2028,158.0
2029,132.0
2030,48.0
2031,0.0
2032,4.0
2033,0.0
2034,1.0
2035,4.0
2036,102.0
2037,0.0
2038,0.0
2039,48.0
2040,9.0
2041,4.0
2042,9.0
2043,8.0
2044,8.0
2045,8.0
2046,9.0
2047,1.0
2048,1.0
2049,45.0
2050,9.0
2051,7.0
2052,3.0
2053,105.0
2054,265.0
2055,4.0
2056,265.0
2057,2.0
2058,16.0
2059,89.0
2060,18.0
2061,5.0
2062,6.0
2063,1.0
2064,5.0
2065,27.0
2066,2.0
2067,26.0
2068,63.0
2069,46.0
2070,4.0
2071,0.0
2072,47.0
2073,0.0
2074,46.0
2075,1.0
2076,36.0
2077,4.0
2078,1.0
2079,4.0
2080,1.0
2081,36.0
2082,47.0
2083,22.0
2084,79.0
2085,17.0
2086,4.0
2087,24.0
2088,6.0
2089,35.0
2090,29.0
2091,
2092,13.0
2093,34.0
2094,145.0
2095,410.0
2096,59.0
2097,174.0
2098,5.0
2099,88.0
2100,19.0
2101,5.0
2102,88.0
2103,134.0
2104,5.0
2105,4.0
2106,1.0
2107,3.0
2108,395.0
2109,14.0
2110,10.0
2111,6.0
2112,123.0
2113,42.0
2114,2.0
2115,1.0
2116,167.0
2117,14.0
2118,0.0
2119,14.0
2120,19.0
2121,19.0
2122,1.0
2123,1.0
2124,55.0
2125,33.0
2126,5.0
2127,2.0
2128,17.0
2129,3.0
2130,49.0
2131,
2132,3.0
2133,23.0
2134,5.0
2135,62.0
2136,0.0
2137,26.0
2138,13.0
2139,0.0
2140,
2141,6.0
2142,3.0
2143,28.0
2144,4.0
2145,1.0
2146,25.0
2147,24.0
2148,3.0
2149,0.0
2150,58.0
2151,23.0
2152,0.0
2153,8.0
2154,4.0
2155,24.0
2156,3.0
2157,0.0
2158,4.0
2159,8.0
2160,2.0
2161,230.0
2162,4.0
2163,6.0
2164,2.0
2165,1.0
2166,9.0
2167,2.0
2168,3.0
2169,0.0
2170,3.0
2171,3.0
2172,6.0
2173,18.0
2174,5.0
2175,10.0
2176,26.0
2177,17.0
2178,134.0
2179,2.0
2180,99.0
2181,57.0
2182,25.0
2183,3.0
2184,4.0
2185,15.0
2186,0.0
2187,13.0
2188,0.0
2189,5.0
2190,2.0
2191,49.0
2192,6.0
2193,3.0
2194,109.0
2195,7.0
2196,3.0
2197,0.0
2198,4.0
2199,19.0
2200,6.0
2201,439.0
2202,11.0
2203,1.0
2204,109.0
2205,
2206,10.0
2207,
2208,4.0
2209,9.0
2210,0.0
2211,35.0
2212,1024.0
2213,77.0
2214,0.0
2215,70.0
2216,1024.0
2217,10.0
2218,
2219,1024.0
2220,1147.0
2221,76.0
2222,13.0
2223,84.0
2224,11.0
2225,61.0
2226,653.0
2227,8.0
2228,6.0
2229,1.0
2230,0.0
2231,19.0
2232,596.0
2233,17.0
2234,667.0
2235,1.0
2236,12.0
2237,30.0
2238,234.0
2239,1.0
2240,218.0
2241,8.0
2242,15.0
2243,234.0
2244,
2245,59.0
2246,51.0
2247,0.0
2248,0.0
2249,3.0
2250,1.0
2251,0.0
2252,65.0
2253,5.0
2254,20.0
2255,260.0
2256,46.0
2257,7.0
2258,5.0
2259,19.0
2260,27.0
2261,
2262,0.0
2263,0.0
2264,0.0
2265,48.0
2266,3.0
2267,48.0
2268,0.0
2269,3.0
2270,6.0
2271,5.0
2272,0.0
2273,0.0
2274,0.0
2275,98.0
2276,5.0
2277,132.0
2278,9.0
2279,50.0
2280,298.0
2281,3.0
2282,36.0
2283,60.0
2284,0.0
2285,4.0
2286,3.0
2287,368.0
2288,3.0
2289,768.0
2290,55.0
2291,37.0
2292,933.0
2293,141.0
2294,21.0
2295,2.0
2296,1.0
2297,134.0
2298,0.0
2299,195.0
2300,91.0
2301,8.0
2302,1.0
2303,3.0
2304,8.0
2305,2.0
2306,0.0
2307,484.0
2308,12.0
2309,110.0
2310,0.0
2311,5.0
2312,21.0
2313,1.0
2314,4.0
2315,1.0
2316,9.0
2317,26.0
2318,6.0
2319,8.0
2320,4.0
2321,0.0
2322,0.0
2323,120.0
2324,1.0
2325,1.0
2326,33.0
2327,117.0
2328,
2329,11.0
2330,3.0
2331,11.0
2332,
2333,254.0
2334,
2335,
2336,241.0
2337,142.0
2338,
2339,681.0
2340,135.0
2341,304.0
2342,24.0
2343,681.0
2344,19.0
2345,1042.0
2346,2.0
2347,2.0
2348,20.0
2349,23.0
2350,101.0
2351,2.0
2352,33.0
2353,2.0
2354,0.0
2355,23.0
2356,4.0
2357,1.0
2358,1.0
2359,2.0
2360,0.0
2361,488.0
2362,1.0
2363,15.0
2364,6.0
2365,6.0
2366,0.0
2367,47.0
2368,48.0
2369,48.0
2370,1.0
2371,1.0
2372,47.0
2373,2.0
2374,3.0
2375,8.0
2376,18.0
2377,5.0
2378,12.0
2379,5.0
2380,3.0
2381,28.0
2382,13.0
2383,5.0
2384,13.0
2385,13.0
2386,13.0
2387,7.0
2388,13.0
2389,13.0
2390,13.0
2391,1.0
2392,13.0
2393,13.0
2394,60.0
2395,57.0
2396,88.0
2397,197.0
2398,8.0
2399,254.0
2400,14.0
2401,7.0
2402,15.0
2403,1.0
2404,0.0
2405,39.0
2406,12.0
2407,2.0
2408,7.0
2409,44.0
2410,8.0
2411,3.0
2412,7.0
2413,12.0
2414,1.0
2415,35.0
2416,1.0
2417,0.0
2418,3.0
2419,2.0
2420,0.0
2421,2.0
2422,13.0
2423,15.0
2424,1.0
2425,167.0
2426,2.0
2427,2.0
2428,2.0
2429,69.0
2430,77.0
2431,86.0
2432,20.0
2433,3.0
2434,11.0
2435,
2436,10.0
2437,24.0
2438,35.0
2439,4.0
2440,5.0
2441,65.0
2442,5.0
2443,5.0
2444,5.0
2445,5.0
2446,5.0
2447,5.0
2448,5.0
2449,135.0
2450,5.0
2451,5.0
2452,5.0
2453,5.0
2454,7.0
2455,44.0
2456,7.0
2457,23.0
2458,1232.0
2459,9.0
2460,9.0
2461,7.0
2462,13.0
2463,19.0
2464,1.0
2465,1.0
2466,20.0
2467,42.0
2468,2.0
2469,6.0
2470,5.0
2471,7.0
2472,7.0
2473,0.0
2474,13.0
2475,6.0
2476,7.0
2477,41.0
2478,8.0
2479,9.0
2480,1.0
2481,0.0
2482,9.0
2483,7.0
2484,1.0
2485,68.0
2486,1.0
2487,0.0
2488,9.0
2489,9.0
2490,2.0
2491,54.0
2492,1.0
2493,0.0
2494,44.0
2495,298.0
2496,216.0
2497,15.0
2498,
2499,5.0
2500,14.0
2501,132.0
2502,2.0
2503,55.0
2504,
2505,0.0
2506,0.0
2507,125.0
2508,22.0
2509,22.0
2510,22.0
2511,25.0
2512,141.0
2513,908.0
2514,54.0
2515,141.0
2516,8.0
2517,146.0
2518,57.0
2519,65.0
2520,20.0
2521,2.0
2522,0.0
2523,3.0
2524,14.0
2525,1.0
2526,5.0
2527,0.0
2528,22.0
2529,0.0
2530,1.0
2531,5.0
2532,14.0
2533,23.0
2534,34.0
2535,136.0
2536,9.0
2537,4.0
2538,10.0
2539,0.0
2540,14.0
2541,17.0
2542,170.0
2543,0.0
2544,2.0
2545,5.0
2546,5.0
2547,424.0
2548,44.0
2549,146.0
2550,98.0
2551,228.0
2552,45.0
2553,61.0
2554,0.0
2555,
2556,613.0
2557,
2558,613.0
2559,613.0
2560,2.0
2561,242.0
2562,
2563,
2564,8.0
2565,1.0
2566,0.0
2567,293.0
2568,346.0
2569,0.0
2570,47.0
2571,2.0
2572,6.0
2573,11.0
2574,17.0
2575,98.0
2576,123.0
2577,30.0
2578,5.0
2579,11.0
2580,
2581,15.0
2582,12.0
2583,17.0
2584,0.0
2585,10.0
2586,133.0
2587,109.0
2588,164.0
2589,298.0
2590,38.0
2591,16.0
2592,2.0
2593,2.0
2594,57.0
2595,15.0
2596,0.0
2597,2.0
2598,12.0
2599,65.0
2600,7.0
2601,0.0
2602,50.0
2603,0.0
2604,4.0
2605,54.0
2606,179.0
2607,20.0
2608,0.0
2609,36.0
2610,2.0
2611,72.0
2612,4.0
2613,228.0
2614,206.0
2615,286.0
2616,
2617,1.0
2618,121.0
2619,13.0
2620,132.0
2621,4.0
2622,112.0
2623,26.0
2624,16.0
2625,203.0
2626,0.0
2627,259.0
2628,21.0
2629,25.0
2630,5.0
2631,13.0
2632,28.0
2633,515.0
2634,5.0
2635,3.0
2636,3.0
2637,7.0
2638,4.0
2639,71.0
2640,7.0
2641,19.0
2642,1.0
2643,28.0
2644,40.0
2645,5.0
2646,7.0
2647,6.0
2648,1.0
2649,364.0
2650,12.0
2651,4.0
2652,176.0
2653,17.0
2654,6.0
2655,12.0
2656,7.0
2657,4.0
2658,48.0
2659,8.0
2660,0.0
2661,0.0
2662,12.0
2663,183.0
2664,81.0
2665,24.0
2666,14.0
2667,9.0
2668,50.0
2669,28.0
2670,34.0
2671,0.0
2672,
2673,23.0
2674,8.0
2675,
2676,
2677,9.0
2678,0.0
2679,
2680,
2681,
2682,29.0
2683,28.0
2684,
2685,151.0
2686,15.0
2687,43.0
2688,
2689,7.0
2690,
2691,71.0
2692,13.0
2693,248.0
2694,3.0
2695,1.0
2696,
2697,
2698,1.0
2699,11.0
2700,32.0
2701,4.0
2702,4.0
2703,7.0
2704,116.0
2705,1348.0
2706,484.0
2707,3.0
2708,0.0
2709,5.0
2710,1.0
2711,14.0
2712,7.0
2713,65.0
2714,0.0
2715,309.0
2716,136.0
2717,2.0
2718,0.0
2719,47.0
2720,1.0
2721,11.0
2722,0.0
2723,16.0
2724,6.0
2725,25.0
2726,8.0
2727,5.0
2728,1.0
2729,46.0
2730,21.0
2731,1.0
2732,
2733,7.0
2734,19.0
2735,72.0
2736,12.0
2737,
2738,6.0
2739,
2740,219.0
2741,57.0
2742,3.0
2743,22.0
2744,1.0
2745,32.0
2746,10.0
2747,4.0
2748,10.0
2749,
2750,
2751,10.0
2752,3.0
2753,21.0
2754,0.0
2755,2.0
2756,12.0
2757,5.0
2758,54.0
2759,10.0
2760,173.0
2761,174.0
2762,2.0
2763,4.0
2764,4.0
2765,26.0
2766,0.0
2767,0.0
2768,0.0
2769,138.0
2770,347.0
2771,399.0
2772,141.0
2773,117.0
2774,21.0
2775,494.0
2776,37.0
2777,10.0
2778,4.0
2779,35.0
2780,106.0
2781,7.0
2782,5.0
2783,7.0
2784,470.0
2785,470.0
2786,474.0
2787,230.0
2788,1183.0
2789,7.0
2790,52.0
2791,6.0
2792,101.0
2793,65.0
2794,391.0
2795,28.0
2796,146.0
2797,
2798,7.0
2799,509.0
2800,52.0
2801,
2802,176.0
2803,35.0
2804,96.0
2805,2.0
2806,237.0
2807,83.0
2808,19.0
2809,6.0
2810,140.0
2811,33.0
2812,83.0
2813,1.0
2814,4.0
2815,
2816,193.0
2817,22.0
2818,
2819,67.0
2820,12.0
2821,1073.0
2822,67.0
2823,67.0
2824,16.0
2825,38.0
2826,67.0
2827,63.0
2828,4.0
2829,0.0
2830,118.0
2831,29.0
2832,2.0
2833,0.0
2834,2.0
2835,124.0
2836,40.0
2837,134.0
2838,52.0
2839,0.0
2840,89.0
2841,30.0
2842,0.0
2843,107.0
2844,434.0
2845,89.0
2846,15.0
2847,5.0
2848,136.0
2849,344.0
2850,1.0
2851,13.0
2852,9.0
2853,4.0
2854,16.0
2855,10.0
2856,15.0
2857,11.0
2858,5.0
2859,0.0
2860,42.0
2861,7.0
2862,10.0
2863,0.0
2864,2.0
2865,9.0
2866,135.0
2867,43.0
2868,21.0
2869,21.0
2870,16.0
2871,2.0
2872,64.0
2873,5.0
2874,123.0
2875,2.0
2876,5.0
2877,9.0
2878,161.0
2879,126.0
2880,76.0
2881,60.0
2882,0.0
2883,3.0
2884,184.0
2885,333.0
2886,102.0
2887,0.0
2888,4.0
2889,30.0
2890,286.0
2891,32.0
2892,0.0
2893,395.0
2894,6.0
2895,25.0
2896,361.0
2897,69.0
2898,966.0
2899,0.0
2900,13.0
2901,953.0
2902,51.0
2903,14.0
2904,1.0
2905,519.0
2906,519.0
2907,1119.0
2908,92.0
2909,6.0
2910,8.0
2911,46.0
2912,101.0
2913,1.0
2914,7.0
2915,5.0
2916,3.0
2917,101.0
2918,2.0
2919,148.0
2920,13.0
2921,14.0
2922,7.0
2923,12.0
2924,14.0
2925,4.0
2926,11.0
2927,50.0
2928,2.0
2929,4.0
2930,9.0
2931,22.0
2932,1.0
2933,75.0
2934,57.0
2935,49.0
2936,49.0
2937,49.0
2938,33.0
2939,473.0
2940,191.0
2941,29.0
2942,7.0
2943,250.0
2944,10.0
2945,97.0
2946,90.0
2947,193.0
2948,0.0
2949,7.0
2950,408.0
2951,1.0
2952,3.0
2953,65.0
2954,140.0
2955,2.0
2956,116.0
2957,195.0
2958,52.0
2959,6.0
2960,195.0
2961,52.0
2962,7.0
2963,16.0
2964,26.0
2965,93.0
2966,1.0
2967,15.0
2968,15.0
2969,123.0
2970,4.0
2971,15.0
2972,19.0
2973,2.0
2974,
2975,2.0
2976,
2977,377.0
2978,12.0
2979,17.0
2980,
2981,6.0
2982,0.0
2983,
2984,7.0
2985,1.0
2986,17.0
2987,17.0
2988,105.0
2989,17.0
2990,0.0
2991,
2992,
2993,4.0
2994,3.0
2995,34.0
2996,434.0
2997,3.0
2998,2.0
2999,5.0
3000,19.0
3001,42.0
3002,280.0
3003,4.0
3004,20.0
3005,51.0
3006,1.0
3007,1.0
3008,5.0
3009,0.0
3010,0.0
3011,12.0
3012,0.0
3013,14.0
3014,0.0
3015,0.0
3016,3.0
3017,3.0
3018,3.0
3019,7.0
3020,7.0
3021,3.0
3022,1.0
3023,187.0
3024,0.0
3025,187.0
3026,34.0
3027,3.0
3028,48.0
3029,1.0
3030,19.0
3031,25.0
3032,2.0
3033,1257.0
3034,60.0
3035,34.0
3036,953.0
3037,671.0
3038,1231.0
3039,468.0
3040,558.0
3041,957.0
3042,184.0
3043,9.0
3044,144.0
3045,240.0
3046,9.0
3047,
3048,1.0
3049,
3050,0.0
3051,434.0
3052,28.0
3053,0.0
3054,19.0
3055,1.0
3056,5.0
3057,2.0
3058,6.0
3059,2.0
3060,48.0
3061,5.0
3062,73.0
3063,9.0
3064,29.0
3065,5.0
3066,21.0
3067,0.0
3068,21.0
3069,0.0
3070,17.0
3071,19.0
3072,1353.0
3073,3.0
3074,15.0
3075,6.0
3076,2.0
3077,8.0
3078,185.0
3079,109.0
3080,104.0
3081,109.0
3082,1.0
3083,2.0
3084,29.0
3085,1.0
3086,3.0
3087,66.0
3088,28.0
3089,8.0
3090,3.0
3091,66.0
3092,19.0
3093,8.0
3094,3.0
3095,1.0
3096,3.0
3097,1.0
3098,26.0
3099,13.0
3100,62.0
3101,4.0
3102,
3103,26.0
3104,951.0
3105,9.0
3106,0.0
3107,62.0
3108,30.0
3109,0.0
3110,10.0
3111,10.0
3112,12.0
3113,41.0
3114,2.0
3115,
3116,0.0
3117,4.0
3118,74.0
3119,2.0
3120,157.0
3121,3.0
3122,3.0
3123,4.0
3124,12.0
3125,18.0
3126,19.0
3127,192.0
3128,132.0
3129,0.0
3130,0.0
3131,1037.0
3132,17.0
3133,
3134,227.0
3135,28.0
3136,21.0
3137,726.0
3138,13.0
3139,726.0
3140,187.0
3141,4.0
3142,23.0
3143,125.0
3144,17.0
3145,13.0
3146,0.0
3147,10.0
3148,3.0
3149,35.0
3150,10.0
3151,
3152,1.0
3153,3.0
3154,
3155,228.0
3156,83.0
3157,23.0
3158,63.0
3159,
3160,
3161,
3162,
3163,28.0
3164,328.0
3165,0.0
3166,0.0
3167,0.0
3168,0.0
3169,0.0
3170,32.0
3171,27.0
3172,8.0
3173,0.0
3174,239.0
3175,39.0
3176,
3177,20.0
3178,0.0
3179,0.0
3180,18.0
3181,0.0
3182,63.0
3183,14.0
3184,86.0
3185,158.0
3186,14.0
3187,1040.0
3188,13.0
3189,14.0
3190,13.0
3191,14.0
3192,14.0
3193,13.0
3194,13.0
3195,13.0
3196,13.0
3197,13.0
3198,13.0
3199,14.0
3200,14.0
3201,1.0
3202,14.0
3203,189.0
3204,0.0
3205,63.0
3206,14.0
3207,2.0
3208,9.0
3209,0.0
3210,
3211,
3212,3.0
3213,
3214,
3215,153.0
3216,62.0
3217,
3218,
3219,3.0
3220,211.0
3221,211.0
3222,243.0
3223,34.0
3224,
3225,
3226,1.0
3227,12.0
3228,0.0
3229,21.0
3230,27.0
3231,41.0
3232,15.0
3233,41.0
3234,7.0
3235,2.0
3236,6.0
3237,20.0
3238,9.0
3239,4.0
3240,0.0
3241,10.0
3242,99.0
3243,2.0
3244,38.0
3245,17.0
3246,5.0
3247,42.0
3248,2.0
3249,0.0
3250,4.0
3251,7.0
3252,2.0
3253,2.0
3254,41.0
3255,4.0
3256,103.0
3257,23.0
3258,29.0
3259,81.0
3260,4.0
3261,3.0
3262,3.0
3263,1.0
3264,1.0
3265,71.0
3266,1.0
3267,33.0
3268,1.0
3269,7.0
3270,18.0
3271,28.0
3272,16.0
3273,29.0
3274,40.0
3275,28.0
3276,24.0
3277,16.0
3278,63.0
3279,27.0
3280,4.0
3281,16.0
3282,35.0
3283,18.0
3284,256.0
3285,77.0
3286,15.0
3287,15.0
3288,16.0
3289,35.0
3290,60.0
3291,60.0
3292,60.0
3293,29.0
3294,72.0
3295,303.0
3296,9.0
3297,15.0
3298,97.0
3299,3.0
3300,24.0
3301,7.0
3302,12.0
3303,8.0
3304,29.0
3305,0.0
3306,1.0
3307,8.0
3308,0.0
3309,1.0
3310,0.0
3311,6.0
3312,1.0
3313,2.0
3314,16.0
3315,44.0
3316,0.0
3317,20.0
3318,16.0
3319,34.0
3320,25.0
3321,2.0
3322,11.0
3323,70.0
3324,13.0
3325,5.0
3326,2.0
3327,39.0
3328,50.0
3329,24.0
3330,7.0
3331,2.0
3332,50.0
3333,13.0
3334,50.0
3335,22.0
3336,13.0
3337,50.0
3338,15.0
3339,15.0
3340,55.0
3341,41.0
3342,49.0
3343,72.0
3344,77.0
3345,18.0
3346,
3347,
3348,
3349,9.0
3350,
3351,1.0
3352,0.0
3353,
3354,52.0
3355,
3356,
3357,
3358,34.0
3359,8.0
3360,1.0
3361,5.0
3362,281.0
3363,6.0
3364,4.0
3365,4.0
3366,0.0
3367,1.0
3368,6.0
3369,3.0
3370,2.0
3371,0.0
3372,0.0
3373,0.0
3374,37.0
3375,0.0
3376,326.0
3377,326.0
3378,326.0
3379,241.0
3380,118.0
3381,78.0
3382,13.0
3383,1.0
3384,2.0
3385,196.0
3386,9.0
3387,3.0
3388,12.0
3389,3.0
3390,4.0
3391,156.0
3392,0.0
3393,1.0
3394,29.0
3395,1.0
3396,0.0
3397,3.0
3398,
3399,35.0
